point,rick,elev_ft_2013,vs_wet_median_ft_2013,elev_ft_2023,vs_wet_median_ft_2023,ft_above_ditch_2023,ft_to_ditch,soil
1,upland,7.08,-0.21,7.09,-0.41,0.44,41.79,29 Portsmouth
2,upland,7.26,-0.08,7.30,-0.22,0.53,67.06,24 Nimmo
3,upland,8.19,0.81,8.47,0.85,0.64,335.43,24 Nimmo
4,wetland,8.20,0.79,8.37,0.75,0.85,91.72,24 Nimmo
5,upland,8.48,1.22,8.64,1.12,1.26,139.12,19 Munden
6,upland,10.86,3.48,11.03,3.45,3.59,222.36,7 Bojac
7,wetland,6.69,-0.64,7.20,-0.36,0.66,249.24,29 Portsmouth
8,wetland,8.57,1.17,8.72,1.13,2.00,144.12,24 Nimmo
9,wetland,7.52,0.13,7.52,-0.08,0.70,511.11,29 Portsmouth
