station_m,recentre_m,bottom_2013,W4-10_2013,E4-10_2013,W10-25_2013,E10-25_2013,W25-45_2013,E25-45_2013,bottom_2023,W4-10_2023,E4-10_2023,W10-25_2023,E10-25_2023,W25-45_2023,E25-45_2023
10.00,-2.00,6.70,7.14,7.30,7.52,7.20,7.74,7.36,6.40,7.24,7.34,7.78,7.29,7.83,7.29
30.00,0.00,6.76,6.99,7.24,7.61,7.58,7.99,7.62,6.41,6.99,7.27,7.80,7.61,8.13,7.74
50.00,1.00,6.64,7.05,7.08,7.22,7.48,8.43,7.55,6.48,7.15,7.12,7.58,7.50,8.76,7.30
70.00,-2.00,7.80,6.96,6.96,7.27,7.48,7.83,7.56,6.48,7.02,6.96,7.50,7.75,8.01,7.57
90.00,-4.00,6.75,6.46,7.37,7.19,7.70,7.71,7.79,6.46,6.84,7.51,7.14,7.88,8.19,7.81
110.00,-3.00,7.33,7.01,7.64,7.53,7.58,7.75,7.52,6.44,6.96,7.69,7.76,7.71,7.88,7.65
130.00,-3.00,7.03,6.85,7.44,6.58,7.93,6.88,7.95,6.44,6.92,7.51,6.87,7.95,7.19,8.08
150.00,-3.00,6.80,7.08,7.26,6.90,7.81,7.00,8.22,6.42,7.03,7.23,7.45,7.85,7.49,8.41
170.00,-3.00,6.72,7.40,6.96,7.69,7.21,7.23,7.54,6.41,7.23,7.16,8.14,7.27,7.50,7.48
190.00,-4.00,7.25,7.58,7.70,7.70,7.23,7.34,7.94,6.44,7.16,7.82,8.11,7.35,7.83,7.85
210.00,-3.00,7.28,6.99,7.31,6.50,7.42,6.78,7.94,6.44,6.51,7.33,6.73,7.59,6.98,7.90
230.00,0.00,7.40,6.85,7.40,6.71,7.25,6.93,7.56,6.45,6.69,6.93,7.47,7.42,7.44,7.73
250.00,-2.00,6.82,6.93,7.44,7.10,7.24,7.34,7.17,6.46,7.30,7.35,7.43,7.25,7.67,7.33
270.00,0.00,6.78,6.87,7.12,7.39,7.26,7.45,7.49,6.48,7.26,7.30,7.59,7.39,7.61,7.52
290.00,2.00,7.50,7.89,7.44,7.72,7.04,7.51,7.32,6.54,8.56,8.06,8.02,7.15,7.66,7.56
310.00,2.00,7.40,7.95,8.09,7.73,7.37,7.38,7.14,6.61,7.83,8.99,8.09,7.54,7.97,7.41
330.00,2.00,6.51,7.67,7.95,7.58,7.46,7.76,7.43,6.68,7.95,8.59,7.79,7.91,7.90,7.83
350.00,1.00,7.08,7.29,7.32,7.51,7.71,7.30,7.76,6.97,7.64,7.61,7.71,8.04,7.71,7.92
370.00,0.00,6.39,6.85,7.07,7.54,7.36,7.53,7.72,6.82,7.31,7.12,7.72,7.53,7.78,8.03
390.00,-1.00,6.69,7.70,7.38,7.76,7.16,7.66,7.90,6.84,7.88,7.34,7.97,7.41,7.91,8.02
410.00,-1.00,6.82,7.66,7.22,7.31,7.10,7.64,7.08,7.01,7.97,7.34,7.58,7.50,7.99,7.14
